PLAYER_NAME,TEAM_NAME
Jalen Johnson,Atlanta Hawks
Trae Young,Atlanta Hawks
Nickeil Alexander-Walker,Atlanta Hawks
CJ McCollum,Atlanta Hawks
Onyeka Okongwu,Atlanta Hawks
Kristaps Porziņģis,Atlanta Hawks
Dyson Daniels,Atlanta Hawks
Jock Landale,Atlanta Hawks
Corey Kispert,Atlanta Hawks
Zaccharie Risacher,Atlanta Hawks
Jordan Walsh,Boston Celtics
Baylor Scheierman,Boston Celtics
Luka Garza,Boston Celtics
Neemias Queta,Boston Celtics
Sam Hauser,Boston Celtics
Derrick White,Boston Celtics
Payton Pritchard,Boston Celtics
Nikola Vučević,Boston Celtics
Jayson Tatum,Boston Celtics
Jaylen Brown,Boston Celtics
Danny Wolf,Brooklyn Nets
Nolan Traore,Brooklyn Nets
Ziaire Williams,Brooklyn Nets
Egor Dëmin,Brooklyn Nets
Day'Ron Sharpe,Brooklyn Nets
Noah Clowney,Brooklyn Nets
Nic Claxton,Brooklyn Nets
Keon Johnson,Brooklyn Nets
Michael Porter Jr.,Brooklyn Nets
Killian Hayes,Brooklyn Nets
Ryan Kalkbrenner,Charlotte Hornets
DaQuan Jeffries,Charlotte Hornets
Aleksej Pokusevski,Charlotte Hornets
Malachi Flynn,Charlotte Hornets
Moussa Diabaté,Charlotte Hornets
Miles Bridges,Charlotte Hornets
Kon Knueppel,Charlotte Hornets
LaMelo Ball,Charlotte Hornets
Brandon Miller,Charlotte Hornets
Antonio Reeves,Charlotte Hornets
Jaden Ivey,Chicago Bulls
Zach Collins,Chicago Bulls
Isaac Okoro,Chicago Bulls
Collin Sexton,Chicago Bulls
Jalen Smith,Chicago Bulls
Tre Jones,Chicago Bulls
Anfernee Simons,Chicago Bulls
Coby White,Chicago Bulls
Matas Buzelis,Chicago Bulls
Josh Giddey,Chicago Bulls
Jaylon Tyson,Cleveland Cavaliers
Jarrett Allen,Cleveland Cavaliers
Darius Garland,Cleveland Cavaliers
Evan Mobley,Cleveland Cavaliers
James Harden,Cleveland Cavaliers
Donovan Mitchell,Cleveland Cavaliers
Sam Merrill,Cleveland Cavaliers
Nae'Qwan Tomlin,Cleveland Cavaliers
Dennis Schröder,Cleveland Cavaliers
Max Strus,Cleveland Cavaliers
Anthony Davis,Dallas Mavericks
Brandon Williams,Dallas Mavericks
Max Christie,Dallas Mavericks
Spencer Dinwiddie,Dallas Mavericks
Naji Marshall,Dallas Mavericks
Marvin Bagley III,Dallas Mavericks
Klay Thompson,Dallas Mavericks
Cooper Flagg,Dallas Mavericks
Kyrie Irving,Dallas Mavericks
P.J. Washington,Dallas Mavericks
Nikola Jokić,Denver Nuggets
Bruce Brown,Denver Nuggets
Christian Braun,Denver Nuggets
Jonas Valančiūnas,Denver Nuggets
Cameron Johnson,Denver Nuggets
Tim Hardaway Jr.,Denver Nuggets
Aaron Gordon,Denver Nuggets
Peyton Watson,Denver Nuggets
Jamal Murray,Denver Nuggets
Julian Strawther,Denver Nuggets
Cade Cunningham,Detroit Pistons
Jalen Duren,Detroit Pistons
Malik Beasley,Detroit Pistons
Tobias Harris,Detroit Pistons
Daniss Jenkins,Detroit Pistons
Duncan Robinson,Detroit Pistons
Chimezie Metu,Detroit Pistons
Colby Jones,Detroit Pistons
Ausar Thompson,Detroit Pistons
Isaiah Stewart,Detroit Pistons
Moses Moody,Golden State Warriors
Stephen Curry,Golden State Warriors
Jimmy Butler III,Golden State Warriors
Brandin Podziemski,Golden State Warriors
De'Anthony Melton,Golden State Warriors
Gui Santos,Golden State Warriors
Al Horford,Golden State Warriors
Jonathan Kuminga,Golden State Warriors
Draymond Green,Golden State Warriors
Seth Curry,Golden State Warriors
Amen Thompson,Houston Rockets
Kevin Durant,Houston Rockets
Alperen Sengun,Houston Rockets
Clint Capela,Houston Rockets
Fred VanVleet,Houston Rockets
Tari Eason,Houston Rockets
Reed Sheppard,Houston Rockets
Steven Adams,Houston Rockets
Josh Okogie,Houston Rockets
Jabari Smith Jr.,Houston Rockets
Jay Huff,Indiana Pacers
Tyrese Haliburton,Indiana Pacers
Pascal Siakam,Indiana Pacers
Andrew Nembhard,Indiana Pacers
Jarace Walker,Indiana Pacers
Obi Toppin,Indiana Pacers
Aaron Nesmith,Indiana Pacers
T.J. McConnell,Indiana Pacers
Micah Potter,Indiana Pacers
Quenton Jackson,Indiana Pacers
Kris Dunn,LA Clippers
Kawhi Leonard,LA Clippers
John Collins,LA Clippers
Bennedict Mathurin,LA Clippers
Ivica Zubac,LA Clippers
Jordan Miller,LA Clippers
Bradley Beal,LA Clippers
Dalano Banton,LA Clippers
Derrick Jones Jr.,LA Clippers
Brook Lopez,LA Clippers
Jake LaRavia,Los Angeles Lakers
Rui Hachimura,Los Angeles Lakers
Deandre Ayton,Los Angeles Lakers
Jaxson Hayes,Los Angeles Lakers
LeBron James,Los Angeles Lakers
Luka Dončić,Los Angeles Lakers
Luke Kennard,Los Angeles Lakers
Austin Reaves,Los Angeles Lakers
Jarred Vanderbilt,Los Angeles Lakers
Marcus Smart,Los Angeles Lakers
Jaylen Wells,Memphis Grizzlies
Ja Morant,Memphis Grizzlies
Ty Jerome,Memphis Grizzlies
Zach Edey,Memphis Grizzlies
Santi Aldama,Memphis Grizzlies
Scotty Pippen Jr.,Memphis Grizzlies
Cedric Coward,Memphis Grizzlies
Cam Spencer,Memphis Grizzlies
GG Jackson,Memphis Grizzlies
Brandon Clarke,Memphis Grizzlies
Davion Mitchell,Miami Heat
Norman Powell,Miami Heat
Simone Fontecchio,Miami Heat
Pelle Larsson,Miami Heat
Jaime Jaquez Jr.,Miami Heat
Andrew Wiggins,Miami Heat
Tyler Herro,Miami Heat
Bam Adebayo,Miami Heat
Kel'el Ware,Miami Heat
Kasparas Jakučionis,Miami Heat
Patrick Beverley,Milwaukee Bucks
Giannis Antetokounmpo,Milwaukee Bucks
Damian Lillard,Milwaukee Bucks
Kevin Porter Jr.,Milwaukee Bucks
AJ Green,Milwaukee Bucks
Ryan Rollins,Milwaukee Bucks
Myles Turner,Milwaukee Bucks
Kyle Kuzma,Milwaukee Bucks
Bobby Portis,Milwaukee Bucks
Cam Thomas,Milwaukee Bucks
Rudy Gobert,Minnesota Timberwolves
Naz Reid,Minnesota Timberwolves
Jaden McDaniels,Minnesota Timberwolves
Ayo Dosunmu,Minnesota Timberwolves
Bones Hyland,Minnesota Timberwolves
Julius Randle,Minnesota Timberwolves
Anthony Edwards,Minnesota Timberwolves
Mike Conley,Minnesota Timberwolves
Joan Beringer,Minnesota Timberwolves
Donte DiVincenzo,Minnesota Timberwolves
Trey Murphy III,New Orleans Pelicans
Dejounte Murray,New Orleans Pelicans
Zion Williamson,New Orleans Pelicans
Saddiq Bey,New Orleans Pelicans
Derik Queen,New Orleans Pelicans
Jeremiah Fears,New Orleans Pelicans
Jordan Poole,New Orleans Pelicans
Herbert Jones,New Orleans Pelicans
Keion Brooks Jr.,New Orleans Pelicans
Yves Missi,New Orleans Pelicans
Cameron Payne,New York Knicks
Jose Alvarado,New York Knicks
Landry Shamet,New York Knicks
Mitchell Robinson,New York Knicks
Miles McBride,New York Knicks
Mikal Bridges,New York Knicks
Karl-Anthony Towns,New York Knicks
OG Anunoby,New York Knicks
Jalen Brunson,New York Knicks
Josh Hart,New York Knicks
Luguentz Dort,Oklahoma City Thunder
Jalen Williams,Oklahoma City Thunder
Ajay Mitchell,Oklahoma City Thunder
Aaron Wiggins,Oklahoma City Thunder
Cason Wallace,Oklahoma City Thunder
Isaiah Hartenstein,Oklahoma City Thunder
Isaiah Joe,Oklahoma City Thunder
Jaylin Williams,Oklahoma City Thunder
Shai Gilgeous-Alexander,Oklahoma City Thunder
Chet Holmgren,Oklahoma City Thunder
Goga Bitadze,Orlando Magic
Cory Joseph,Orlando Magic
Orlando Robinson,Orlando Magic
Wendell Carter Jr.,Orlando Magic
Anthony Black,Orlando Magic
Franz Wagner,Orlando Magic
Desmond Bane,Orlando Magic
Paolo Banchero,Orlando Magic
Moritz Wagner,Orlando Magic
Jalen Suggs,Orlando Magic
Joel Embiid,Philadelphia 76ers
Tyrese Maxey,Philadelphia 76ers
Dominick Barlow,Philadelphia 76ers
Paul George,Philadelphia 76ers
Jared Butler,Philadelphia 76ers
Kelly Oubre Jr.,Philadelphia 76ers
VJ Edgecombe,Philadelphia 76ers
Lonnie Walker IV,Philadelphia 76ers
Jeff Dowtin Jr.,Philadelphia 76ers
Ricky Council IV,Philadelphia 76ers
Royce O'Neale,Phoenix Suns
Devin Booker,Phoenix Suns
Dillon Brooks,Phoenix Suns
Mark Williams,Phoenix Suns
Jordan Goodwin,Phoenix Suns
Collin Gillespie,Phoenix Suns
Jalen Green,Phoenix Suns
Bol Bol,Phoenix Suns
Grayson Allen,Phoenix Suns
Oso Ighodaro,Phoenix Suns
Robert Williams III,Portland Trail Blazers
Shaedon Sharpe,Portland Trail Blazers
Jerami Grant,Portland Trail Blazers
Jrue Holiday,Portland Trail Blazers
Toumani Camara,Portland Trail Blazers
Caleb Love,Portland Trail Blazers
Deni Avdija,Portland Trail Blazers
Donovan Clingan,Portland Trail Blazers
Matisse Thybulle,Portland Trail Blazers
Scoot Henderson,Portland Trail Blazers
Russell Westbrook,Sacramento Kings
DeMar DeRozan,Sacramento Kings
Zach LaVine,Sacramento Kings
Keegan Murray,Sacramento Kings
Malik Monk,Sacramento Kings
Nique Clifford,Sacramento Kings
Dylan Cardwell,Sacramento Kings
De'Andre Hunter,Sacramento Kings
Maxime Raynaud,Sacramento Kings
Domantas Sabonis,Sacramento Kings
Stephon Castle,San Antonio Spurs
De'Aaron Fox,San Antonio Spurs
Keldon Johnson,San Antonio Spurs
Dylan Harper,San Antonio Spurs
Julian Champagnie,San Antonio Spurs
Devin Vassell,San Antonio Spurs
Harrison Barnes,San Antonio Spurs
Luke Kornet,San Antonio Spurs
RaiQuan Gray,San Antonio Spurs
Victor Wembanyama,San Antonio Spurs
Javon Freeman-Liberty,Toronto Raptors
Jordan Nwora,Toronto Raptors
Jakob Poeltl,Toronto Raptors
Collin Murray-Boyles,Toronto Raptors
Scottie Barnes,Toronto Raptors
RJ Barrett,Toronto Raptors
Immanuel Quickley,Toronto Raptors
Jared Rhoden,Toronto Raptors
Sandro Mamukelashvili,Toronto Raptors
Brandon Ingram,Toronto Raptors
Vince Williams Jr.,Utah Jazz
Jaren Jackson Jr.,Utah Jazz
Kyle Filipowski,Utah Jazz
Brice Sensabaugh,Utah Jazz
Walker Kessler,Utah Jazz
Ace Bailey,Utah Jazz
Isaiah Collier,Utah Jazz
Jusuf Nurkić,Utah Jazz
Keyonte George,Utah Jazz
Lauri Markkanen,Utah Jazz
Tristan Vukcevic,Washington Wizards
Kyshawn George,Washington Wizards
Tre Johnson,Washington Wizards
Malcolm Brogdon,Washington Wizards
Bub Carrington,Washington Wizards
Bilal Coulibaly,Washington Wizards
Justin Champagnie,Washington Wizards
Will Riley,Washington Wizards
Alex Sarr,Washington Wizards
Richaun Holmes,Washington Wizards
